{"Articles":"ARTICLES","Articles:_Categories":"ARTICLES:_CATEGORIES","Articles:_Edit":"ARTICLES:_EDIT","Articles:_Featured":"ARTICLES:_FEATURED","Articles:_New_or_Edit_Category":"ARTICLES:_NEW_OR_EDIT_CATEGORY","Banners":"BANNERS","Banners:_Categories":"BANNERS:_CATEGORIES","Banners:_Clients":"BANNERS:_CLIENTS","Banners:_Edit":"BANNERS:_EDIT","Banners:_New_or_Edit_Category":"BANNERS:_NEW_OR_EDIT_CATEGORY","Banners:_New_or_Edit_Client":"BANNERS:_NEW_OR_EDIT_CLIENT","Banners:_Tracks":"BANNERS:_TRACKS","Component:_Field_Groups":"COMPONENT:_FIELD_GROUPS","Component:_Fields":"COMPONENT:_FIELDS","Component:_New_or_Edit_Field":"COMPONENT:_NEW_OR_EDIT_FIELD","Component:_New_or_Edit_Field_Group":"COMPONENT:_NEW_OR_EDIT_FIELD_GROUP","Contacts":"CONTACTS","Contacts:_Categories":"CONTACTS:_CATEGORIES","Contacts:_New_or_Edit":"CONTACTS:_NEW_OR_EDIT","Contacts:_New_or_Edit_Category":"CONTACTS:_NEW_OR_EDIT_CATEGORY","Extensions:_Discover":"EXTENSIONS:_DISCOVER","Extensions:_Install":"EXTENSIONS:_INSTALL","Extensions:_Languages":"EXTENSIONS:_LANGUAGES","Extensions:_Manage":"EXTENSIONS:_MANAGE","Extensions:_Update":"EXTENSIONS:_UPDATE","Information:_Database":"INFORMATION:_DATABASE","Information:_Warnings":"INFORMATION:_WARNINGS","Languages:_Content":"LANGUAGES:_CONTENT","Languages:_Edit_Content_Language":"LANGUAGES:_EDIT_CONTENT_LANGUAGE","Languages:_Edit_Override":"LANGUAGES:_EDIT_OVERRIDE","Languages:_Installed":"LANGUAGES:_INSTALLED","Languages:_Overrides":"LANGUAGES:_OVERRIDES","Mail_Template:_Edit":"MAIL_TEMPLATE:_EDIT","Mail_Templates":"MAIL_TEMPLATES","Maintenance:_Clear_Cache":"MAINTENANCE:_CLEAR_CACHE","Maintenance:_Global_Check-in":"MAINTENANCE:_GLOBAL_CHECK-IN","Mass_Mail_Users":"MASS_MAIL_USERS","Media":"MEDIA","Menu_Item:_New_Item":"MENU_ITEM:_NEW_ITEM","Menus":"MENUS","Menus:_Edit":"MENUS:_EDIT","Menus:_Items":"MENUS:_ITEMS","Modules":"MODULES","Multilingual_Associations":"MULTILINGUAL_ASSOCIATIONS","Multilingual_Associations:_Edit":"MULTILINGUAL_ASSOCIATIONS:_EDIT","News_Feeds":"NEWS_FEEDS","News_Feeds:_Categories":"NEWS_FEEDS:_CATEGORIES","News_Feeds:_New_or_Edit":"NEWS_FEEDS:_NEW_OR_EDIT","News_Feeds:_New_or_Edit_Category":"NEWS_FEEDS:_NEW_OR_EDIT_CATEGORY","Permissions_for_User":"PERMISSIONS_FOR_USER","Plugins":"PLUGINS","Plugins:_Name_of_Plugin":"PLUGINS:_NAME_OF_PLUGIN","Post-installation_Messages_for_Joomla_CMS":"POST-INSTALLATION_MESSAGES_FOR_JOOMLA_CMS","Privacy_Dashboard":"PRIVACY_DASHBOARD","Privacy:_Consents":"PRIVACY:_CONSENTS","Privacy:_Extension_Capabilities":"PRIVACY:_EXTENSION_CAPABILITIES","Privacy:_Information_Requests":"PRIVACY:_INFORMATION_REQUESTS","Privacy:_New_Information_Request":"PRIVACY:_NEW_INFORMATION_REQUEST","Privacy:_Review_Information_Request":"PRIVACY:_REVIEW_INFORMATION_REQUEST","Private_Messages":"PRIVATE_MESSAGES","Private_Messages:_Read":"PRIVATE_MESSAGES:_READ","Private_Messages:_Write":"PRIVATE_MESSAGES:_WRITE","Redirects:_Links":"REDIRECTS:_LINKS","Redirects:_New_or_Edit":"REDIRECTS:_NEW_OR_EDIT","Scheduled_Tasks":"SCHEDULED_TASKS","Scheduled_Tasks:_Edit":"SCHEDULED_TASKS:_EDIT","Site_Global_Configuration":"SITE_GLOBAL_CONFIGURATION","Site_System_Information":"SITE_SYSTEM_INFORMATION","Smart_Search:_Content_Maps":"SMART_SEARCH:_CONTENT_MAPS","Smart_Search:_Indexed_Content":"SMART_SEARCH:_INDEXED_CONTENT","Smart_Search:_New_or_Edit_Filter":"SMART_SEARCH:_NEW_OR_EDIT_FILTER","Smart_Search:_Search_Filters":"SMART_SEARCH:_SEARCH_FILTERS","Start_Here":"START_HERE","Tags":"TAGS","Tags:_New_or_Edit":"TAGS:_NEW_OR_EDIT","Templates:_Customise":"TEMPLATES:_CUSTOMISE","Templates:_Customise_Source":"TEMPLATES:_CUSTOMISE_SOURCE","Templates:_Edit_Style":"TEMPLATES:_EDIT_STYLE","Templates:_Styles":"TEMPLATES:_STYLES","Templates:_Templates":"TEMPLATES:_TEMPLATES","User_Actions_Log":"USER_ACTIONS_LOG","User_Notes":"USER_NOTES","User_Notes:_New_or_Edit":"USER_NOTES:_NEW_OR_EDIT","Users":"USERS","Users:_Edit_Profile":"USERS:_EDIT_PROFILE","Users:_Edit_Viewing_Access_Level":"USERS:_EDIT_VIEWING_ACCESS_LEVEL","Users:_Groups":"USERS:_GROUPS","Users:_New_or_Edit_Group":"USERS:_NEW_OR_EDIT_GROUP","Users:_Viewing_Access_Levels":"USERS:_VIEWING_ACCESS_LEVELS"}